Date,XLY,XLP,XLE,XLF,XLV,XLI,XLB,XLK,XLU,XLRE,XLC
1998-12-31,19.319095611572266,14.52868366241455,11.685772895812988,11.320430755615234,17.585922241210938,15.321431159973145,12.152565956115723,24.343862533569336,11.995336532592773,,
1999-01-31,20.31278419494629,14.336418151855469,10.91923713684082,11.516658782958984,18.431398391723633,15.155739784240723,11.70215129852295,28.21462631225586,11.69777774810791,,
1999-02-28,20.185684204101562,14.185946464538574,10.825373649597168,11.69777774810791,18.45253562927246,15.292189598083496,11.884048461914062,25.416488647460938,11.3754243850708,,
1999-03-31,21.16765594482422,14.169123649597168,12.3557710647583,12.076909065246582,18.938684463500977,15.613396644592285,12.097835540771484,27.30522918701172,10.657783508300781,,
1999-04-30,21.722888946533203,13.675052642822266,14.184807777404785,12.924416542053223,19.615079879760742,17.961278915405273,15.087533950805664,27.46845817565918,11.68736457824707,,
1999-05-31,20.73969078063965,13.532690048217773,13.87865924835205,12.145018577575684,19.012664794921875,17.609100341796875,13.714364051818848,27.561735153198242,11.824651718139648,,
1999-06-30,22.076435089111328,13.7716646194458,14.16199016571045,12.6719388961792,19.847583770751953,18.689434051513672,14.506896018981934,30.20829963684082,12.311544418334961,,
1999-07-31,20.431711196899414,13.258803367614746,14.430232048034668,11.897961616516113,19.255748748779297,18.00376319885254,14.341242790222168,29.858522415161133,12.349207878112793,,
1999-08-31,19.64409828186035,13.485807418823242,14.58802604675293,11.374395370483398,18.389129638671875,18.150691986083984,13.696109771728516,30.907835006713867,11.759055137634277,,
1999-09-30,19.35896110534668,12.269234657287598,13.917113304138184,10.78052043914795,18.13548469543457,18.057083129882812,13.26657772064209,30.77958106994629,12.05811882019043,,
1999-10-31,21.075634002685547,13.389988899230957,13.711048126220703,12.455460548400879,19.0549373626709,17.6645450592041,13.581409454345703,31.712303161621094,12.121381759643555,,
1999-11-30,21.087228775024414,13.43212604522705,13.687272071838379,11.907295227050781,19.27686882019043,17.27200698852539,13.389012336730957,34.82524490356445,11.722818374633789,,
1999-12-31,23.08797836303711,12.4572114944458,13.783280372619629,11.622431755065918,21.016128540039062,18.670515060424805,14.938264846801758,40.20078659057617,11.466525077819824,,
2000-01-31,20.219385147094727,12.567073822021484,13.894567489624023,11.278573036193848,20.4846134185791,17.143381118774414,13.11159610748291,37.72904586791992,11.26278305053711,,
2000-02-29,19.092870712280273,11.096548080444336,13.306355476379395,10.07124137878418,19.145198822021484,16.197538375854492,11.794291496276855,41.693172454833984,9.89393138885498,,
2000-03-31,21.794824600219727,11.513697624206543,14.961986541748047,11.91049861907959,20.867311477661133,18.452335357666016,12.984254837036133,45.19091796875,10.974714279174805,,
2000-04-30,21.341014862060547,12.124149322509766,14.738666534423828,12.025535583496094,20.622812271118164,18.718908309936523,12.552916526794434,41.04023742675781,11.693105697631836,,
2000-05-31,20.18902015686035,12.988943099975586,16.469348907470703,12.293964385986328,20.070030212402344,18.639923095703125,12.156779289245605,36.77300262451172,11.667444229125977,,
2000-06-30,19.096757888793945,13.724278450012207,15.563268661499023,11.6976900100708,20.112564086914062,17.906789779663086,11.117229461669922,40.43397521972656,11.271139144897461,,
2000-07-31,19.39988136291504,13.222901344299316,14.970220565795898,12.728930473327637,19.814903259277344,18.183799743652344,11.214520454406738,38.2886962890625,11.445629119873047,,
2000-08-31,18.595441818237305,13.061437606811523,16.60508918762207,14.021836280822754,20.516502380371094,19.9843692779541,11.47099781036377,42.18284606933594,11.891565322875977,,
2000-09-30,18.61821937561035,13.640006065368652,16.87809944152832,14.326665878295898,19.77239227294922,19.40397834777832,10.346477508544922,34.60441207885742,13.462953567504883,,
2000-10-31,18.384469985961914,14.586868286132812,16.41932487487793,14.203166007995605,20.070030212402344,19.84048080444336,11.253902435302734,32.6223258972168,14.244926452636719,,
2000-11-30,17.92864990234375,15.090166091918945,15.558114051818848,13.477560997009277,18.241621017456055,19.165895462036133,10.969218254089355,25.92997932434082,14.238408088684082,,
2000-12-31,19.192096710205078,15.639077186584473,17.146516799926758,14.627572059631348,18.542604446411133,19.92306900024414,12.514662742614746,23.36496925354004,14.044111251831055,,
2001-01-31,21.42390251159668,14.498819351196289,16.600156784057617,14.592864990234375,19.883129119873047,19.999574661254883,12.180575370788574,27.832759857177734,13.253829002380371,,
2001-02-28,19.8941650390625,14.586427688598633,16.39866065979004,13.611080169677734,19.50206184387207,18.801000595092773,12.33830451965332,20.900684356689453,13.528899192810059,,
2001-03-31,19.60407066345215,13.574759483337402,15.909443855285645,13.20339584350586,18.253341674804688,17.000442504882812,11.7204008102417,18.505420684814453,13.334955215454102,,
2001-04-30,20.513254165649414,13.838342666625977,17.552200317382812,13.68099594116211,19.600910186767578,18.944082260131836,12.970504760742188,21.49762725830078,13.978480339050293,,
2001-05-31,21.001665115356445,14.041522979736328,17.38637351989746,14.28296184539795,20.34955406188965,19.736875534057617,13.469368934631348,20.61713218688965,14.076498031616211,,
2001-06-30,20.836294174194336,13.39206600189209,15.801934242248535,14.180749893188477,20.11966896057129,18.517366409301758,13.004496574401855,21.02007293701172,13.370203971862793,,
2001-07-31,21.76251220703125,13.799720764160156,15.619697570800781,14.045924186706543,19.717954635620117,18.478931427001953,12.969130516052246,19.56500244140625,13.250016212463379,,
2001-08-31,19.85735511779785,13.865828514099121,14.958467483520508,13.1171875,18.717086791992188,17.844593048095703,12.916070938110352,17.17721176147461,12.777875900268555,,
2001-09-30,17.349056243896484,13.849119186401367,13.518966674804688,12.378091812133789,16.007003784179688,15.230023384094238,11.386235237121582,14.364086151123047,12.655755043029785,,
2001-10-31,18.262964248657227,13.760696411132812,14.063493728637695,12.202554702758789,16.088735580444336,15.500265121459961,11.694609642028809,15.931081771850586,11.98965835571289,,
2001-11-30,20.694984436035156,14.368598937988281,13.27812671661377,12.9949951171875,17.955080032348633,17.050933837890625,13.177196502685547,18.311410903930664,11.838274955749512,,
2001-12-31,21.635269165039062,14.086563110351562,14.037333488464355,13.248109817504883,18.389493942260742,17.82305335998535,12.782552719116211,17.908472061157227,12.217658042907715,,
2002-01-31,22.34634780883789,13.992274284362793,13.53787899017334,13.0969877243042,18.25302505493164,16.697046279907227,13.080924987792969,17.714460372924805,11.777420043945312,,
2002-02-28,22.4674015045166,14.286210060119629,14.000529289245605,12.870302200317383,19.09231185913086,17.11527442932129,13.773165702819824,15.408746719360352,11.755626678466797,,
2002-03-31,22.753215789794922,14.516595840454102,15.239922523498535,13.721817016601562,20.19993019104004,17.578311920166016,14.196707725524902,16.16986083984375,12.382448196411133,,
2002-04-30,22.116979598999023,13.977090835571289,14.691299438476562,13.373086929321289,20.077062606811523,16.365123748779297,13.526089668273926,14.214847564697266,11.63106918334961,,
2002-05-31,22.003358840942383,13.8213529586792,14.432819366455078,13.332656860351562,20.35694694519043,16.436113357543945,14.196707725524902,13.625365257263184,11.53439998626709,,
2002-06-30,20.844436645507812,12.412967681884766,13.904199600219727,12.762377738952637,18.90079689025879,15.428071975708008,13.954914093017578,11.804670333862305,10.758612632751465,,
2002-07-31,18.355548858642578,11.882977485656738,11.977778434753418,11.701387405395508,18.354530334472656,14.554791450500488,12.372274398803711,10.685389518737793,9.174763679504395,,
2002-08-31,18.909481048583984,11.97781753540039,12.15821361541748,11.919670104980469,18.53207015991211,14.328381538391113,12.30608081817627,10.595847129821777,9.538564682006836,,
2002-09-30,17.223697662353516,11.11201286315918,11.290657997131348,10.54967975616455,17.384138107299805,12.674906730651855,10.708840370178223,8.827386856079102,8.383956909179688,,
2002-10-31,18.386119842529297,11.544363975524902,11.49875259399414,11.514302253723145,18.397865295410156,13.298260688781738,11.320256233215332,11.013714790344238,8.190862655639648,,
2002-11-30,19.237045288085938,11.224316596984863,11.973650932312012,11.943032264709473,18.96639633178711,13.99303913116455,12.68232250213623,12.759788513183594,8.428866386413574,,
2002-12-31,17.59811782836914,11.25599193572998,11.976423263549805,11.295862197875977,18.253599166870117,13.44339656829834,12.101438522338867,11.073368072509766,8.701960563659668,,
2003-01-31,17.011775970458984,10.872136116027832,11.67607593536377,11.152095794677734,18.191722869873047,12.718658447265625,11.497587203979492,10.811503410339355,8.497479438781738,,
2003-02-28,16.935623168945312,10.539088249206543,12.01933479309082,10.808082580566406,17.78609275817871,12.522794723510742,11.192609786987305,10.863874435424805,8.043065071105957,,
2003-03-31,17.333742141723633,10.540340423583984,12.034010887145996,10.707115173339844,18.42011070251465,12.655858993530273,11.261722564697266,10.69926929473877,8.45051383972168,,
2003-04-30,19.362247467041016,10.852519989013672,11.93156623840332,12.053239822387695,19.02676773071289,14.025657653808594,12.278825759887695,11.67940902709961,9.18075180053711,,
2003-05-31,20.391740798950195,11.386064529418945,13.198594093322754,12.66698932647705,19.41970443725586,14.405792236328125,12.658709526062012,12.682003021240234,10.108466148376465,,
2003-06-30,20.687368392944336,11.494715690612793,13.029097557067871,12.720643043518066,20.277374267578125,14.706681251525879,12.772932052612305,12.7717866897583,10.245641708374023,,
2003-07-31,21.06917953491211,11.477607727050781,12.568615913391113,13.275069236755371,19.973180770874023,15.192741394042969,13.777265548706055,13.16833209991455,9.560127258300781,,
2003-08-31,22.145946502685547,11.671465873718262,13.370399475097656,13.119622230529785,19.23342514038086,15.783889770507812,14.159280776977539,13.796825408935547,9.750031471252441,,
2003-09-30,21.08909034729004,11.625565528869629,13.094707489013672,13.235939979553223,19.283493041992188,15.352143287658691,13.521492004394531,13.67711067199707,10.234824180603027,,
2003-10-31,23.00836944580078,12.1519193649292,13.21993637084961,14.152719497680664,19.415241241455078,16.301355361938477,14.809852600097656,14.679701805114746,10.304931640625,,
2003-11-30,23.214824676513672,12.294946670532227,13.32338809967041,14.10063362121582,19.83127784729004,16.624351501464844,15.144320487976074,14.889190673828125,10.328298568725586,,
2003-12-31,24.144622802734375,12.513666152954102,15.06774616241455,14.740171432495117,20.978879928588867,17.72614860534668,16.62891960144043,15.356050491333008,11.005011558532715,,
2004-01-31,24.006616592407227,12.513666152954102,15.406827926635742,15.222253799438477,21.556407928466797,17.904996871948242,15.893744468688965,16.011594772338867,11.231431007385254,,
2004-02-29,24.52799415588379,13.226101875305176,16.216283798217773,15.65717601776123,21.78602409362793,17.772510528564453,16.72237777709961,15.60470199584961,11.443700790405273,,
2004-03-31,24.376617431640625,13.193317413330078,16.114906311035156,15.475335121154785,20.877771377563477,17.555110931396484,16.336790084838867,15.190279960632324,11.565705299377441,,
2004-04-30,24.100229263305664,13.366314888000488,16.389541625976562,14.801583290100098,21.5264892578125,17.548463821411133,15.580290794372559,14.610111236572266,11.071120262145996,,
2004-05-31,24.253780364990234,13.291346549987793,16.34010124206543,15.054243087768555,21.456735610961914,17.980525970458984,16.0179443359375,15.182751655578613,11.204275131225586,,
2004-06-30,24.31647300720215,13.364269256591797,17.359163284301758,15.120814323425293,21.37660789489746,19.090377807617188,16.821640014648438,15.597169876098633,11.398319244384766,,
2004-07-31,23.393936157226562,12.704451560974121,17.894046783447266,14.798089981079102,20.229433059692383,18.5575008392334,16.438474655151367,14.647772789001465,11.571020126342773,,
2004-08-31,23.347810745239258,12.930180549621582,17.618331909179688,15.279546737670898,20.558197021484375,18.570816040039062,16.7148494720459,13.999773025512695,12.041149139404297,,
2004-09-30,24.021076202392578,12.589627265930176,19.338401794433594,15.138911247253418,20.198720932006836,18.970043182373047,17.386611938476562,14.406659126281738,12.117585182189941,,
2004-10-31,24.991159439086914,12.670997619628906,19.454668045043945,15.218710899353027,19.749706268310547,19.16388511657715,17.222522735595703,15.039593696594238,12.707738876342773,,
2004-11-30,26.038238525390625,12.984870910644531,20.766775131225586,15.692138671875,20.13556480407715,20.367061614990234,18.62354850769043,15.808149337768555,13.273711204528809,,
2004-12-31,27.25461769104004,13.47038459777832,20.181005477905273,16.340904235839844,21.245941162109375,20.872777938842773,18.87258529663086,16.221773147583008,13.600637435913086,,
2005-01-31,26.088422775268555,13.627969741821289,20.864459991455078,15.987653732299805,20.584423065185547,20.288326263427734,18.294906616210938,15.307328224182129,13.888766288757324,,
2005-02-28,25.94940757751465,13.610456466674805,24.36501121520996,15.880605697631836,21.203718185424805,20.523447036743164,19.735912322998047,15.330374717712402,14.186664581298828,,
2005-03-31,25.646163940429688,13.491192817687988,23.899784088134766,15.276386260986328,21.085384368896484,20.51444435119629,19.211360931396484,15.030684471130371,14.343544960021973,,
2005-04-30,24.014278411865234,13.350532531738281,22.60640525817871,15.303292274475098,21.819774627685547,19.766138076782227,17.841854095458984,14.500462532043457,14.786404609680176,,
2005-05-31,25.499223709106445,13.66115665435791,23.23637580871582,15.755289077758789,22.095172882080078,20.39310073852539,17.72719955444336,15.507113456726074,14.776566505432129,,
2005-06-30,25.389291763305664,13.397217750549316,24.858097076416016,15.951677322387695,21.97833824157715,19.85591697692871,17.37234878540039,15.307328224182129,15.656267166137695,,
2005-07-31,26.829936981201172,13.827108383178711,26.61968231201172,16.200664520263672,22.474149703979492,20.61284637451172,18.33249282836914,16.17566680908203,16.00848388671875,,
2005-08-31,25.946971893310547,13.585662841796875,28.31977653503418,15.935429573059082,22.396236419677734,20.126253128051758,17.564376831054688,16.021970748901367,16.1126651763916,,
2005-09-30,25.20952796936035,13.77782917022705,30.100053787231445,16.07181167602539,22.272130966186523,20.463497161865234,17.699596405029297,16.06039810180664,16.793956756591797,,
2005-10-31,24.69742202758789,13.712733268737793,27.380006790161133,16.56180763244629,21.590120315551758,20.17173957824707,17.73821449279785,15.691548347473145,15.719339370727539,,
2005-11-30,25.68283462524414,13.837008476257324,27.789413452148438,17.35124397277832,21.852975845336914,21.345552444458008,19.09625244140625,16.682832717895508,15.694356918334961,,
2005-12-31,25.46303367614746,13.853187561035156,28.289501190185547,17.354772567749023,22.60909652709961,21.446500778198242,19.642610549926758,16.170425415039062,15.829194068908691,,
2006-01-31,25.915361404418945,13.876984596252441,32.422447204589844,17.50821304321289,22.901323318481445,21.507938385009766,20.5897216796875,16.712026596069336,16.21244239807129,,
2006-02-28,26.10252571105957,13.995938301086426,29.43098258972168,17.88084602355957,23.165058135986328,22.176864624023438,20.148603439331055,16.75071144104004,16.424232482910156,,
2006-03-31,26.256122589111328,14.111359596252441,30.679969787597656,17.932676315307617,22.869125366210938,23.15772819519043,21.088285446166992,17.12982177734375,15.663542747497559,,
2006-04-30,26.59153175354004,14.248882293701172,32.22523498535156,18.709476470947266,22.16117286682129,23.657875061035156,21.837955474853516,16.90544891357422,15.912491798400879,,
2006-05-31,26.14691734313965,14.278777122497559,31.328527450561523,18.004289627075195,21.696353912353516,23.25364112854004,20.957918167114258,15.80678939819336,16.17160415649414,,
2006-06-30,26.101160049438477,14.54157543182373,32.12370681762695,17.9210262298584,21.703935623168945,23.223766326904297,21.066078186035156,15.729422569274902,16.542652130126953,,
2006-07-31,25.233469009399414,14.770010948181152,33.19921875,18.331085205078125,22.888187408447266,21.904932022094727,20.2785701751709,15.319361686706543,17.336740493774414,,
2006-08-31,25.733753204345703,15.341087341308594,31.512374877929688,18.547203063964844,23.541309356689453,22.1522159576416,20.888885498046875,16.39480972290039,17.81319808959961,,
2006-09-30,27.373170852661133,15.333357810974121,30.359350204467773,19.293787002563477,23.902568817138672,22.99797248840332,20.885995864868164,17.05611228942871,17.554109573364258,,
2006-10-31,29.143224716186523,15.605231285095215,31.654390335083008,19.745197296142578,23.98178482055664,23.64640235900879,22.14022445678711,17.7305908203125,18.48371124267578,,
2006-11-30,29.511335372924805,15.472306251525879,34.36941146850586,19.884523391723633,23.952978134155273,24.225830078125,23.103988647460938,18.234525680541992,18.974346160888672,,
2006-12-31,30.151283264160156,15.860492706298828,33.401092529296875,20.632858276367188,24.20335578918457,24.345172882080078,23.249923706054688,18.13630485534668,19.1363468170166,,
2007-01-31,31.015905380249023,16.18231201171875,33.09347915649414,20.82379913330078,24.940515518188477,24.852813720703125,24.19087028503418,18.50278091430664,19.068599700927734,,
2007-02-28,30.08841323852539,15.93336009979248,32.41553497314453,20.18919563293457,24.36235237121582,24.57465171813965,24.838186264038086,18.003765106201172,20.07961654663086,,
2007-03-31,29.946189880371094,16.262603759765625,34.45375442504883,20.09373664855957,24.409912109375,24.77417755126953,25.42466163635254,18.183082580566406,20.8010311126709,,
2007-04-30,30.654870986938477,16.720273971557617,36.21989059448242,20.871994018554688,26.194414138793945,25.924036026000977,25.80553436279297,19.040782928466797,21.822751998901367,,
2007-05-31,31.576168060302734,16.94605827331543,39.03767395019531,21.37391471862793,26.644174575805664,27.269012451171875,27.329010009765625,19.999845504760742,21.922300338745117,,
2007-06-30,31.024545669555664,16.608386993408203,39.54656219482422,20.51544761657715,25.752187728881836,27.2763729095459,27.183658599853516,19.97488021850586,20.881601333618164,,
2007-07-31,29.18659019470215,16.135622024536133,39.55228805541992,18.65556526184082,24.526933670043945,27.534883499145508,26.45874786376953,19.935867309570312,20.04802131652832,,
2007-08-31,29.36801528930664,16.516286849975586,40.028076171875,19.137542724609375,25.088518142700195,27.5418701171875,26.277544021606445,20.318187713623047,20.364566802978516,,
2007-09-30,29.10966682434082,17.275094985961914,42.989803314208984,19.604747772216797,25.871252059936523,28.84676170349121,28.393850326538086,21.08590316772461,21.145803451538086,,
2007-10-31,28.967405319213867,17.54058074951172,44.081783294677734,19.267724990844727,26.354291915893555,28.474584579467773,29.57381820678711,22.20391845703125,22.553743362426758,,
2007-11-30,27.386640548706055,18.02216148376465,42.22542190551758,17.708253860473633,26.690940856933594,27.667049407958984,28.083669662475586,20.530805587768555,22.702516555786133,,
2007-12-31,26.030149459838867,17.872600555419922,45.72221374511719,16.676361083984375,25.93621253967285,27.63014030456543,28.384807586669922,20.93964195251465,22.6613712310791,,
2008-01-31,25.934633255004883,16.87967300415039,40.104183197021484,16.797401428222656,24.75362205505371,26.106098175048828,27.193586349487305,18.26131248474121,20.996431350708008,,
2008-02-29,24.931629180908203,16.836233139038086,43.820743560791016,14.889400482177734,24.092540740966797,25.576913833618164,27.819826126098633,17.39733123779297,20.134519577026367,,
2008-03-31,24.48623275756836,17.381704330444336,42.796958923339844,14.451631546020508,22.997753143310547,26.505529403686523,27.428728103637695,17.598466873168945,20.457731246948242,,
2008-04-30,25.068105697631836,17.25067901611328,47.240753173828125,15.462722778320312,23.226476669311523,27.28510284423828,28.889949798583984,18.698360443115234,21.503808975219727,,
2008-05-31,25.753589630126953,17.77475929260254,49.696712493896484,14.387709617614746,23.66916275024414,27.526065826416016,30.392173767089844,19.916120529174805,22.274890899658203,,
2008-06-30,22.783098220825195,16.76168441772461,51.26484298706055,11.877144813537598,22.66773223876953,24.21591567993164,28.624448776245117,18.05049705505371,22.1086483001709,,
2008-07-31,22.82308578491211,17.168977737426758,43.10698318481445,12.680281639099121,23.683263778686523,24.408166885375977,27.698410034179688,17.60928726196289,20.685436248779297,,
2008-08-31,24.399024963378906,17.632671356201172,43.251827239990234,12.55717945098877,24.172487258911133,25.077470779418945,27.26626205444336,17.924436569213867,20.4572811126709,,
2008-09-30,22.397768020629883,17.41204071044922,36.79396438598633,11.772013664245605,22.376224517822266,22.050172805786133,23.046131134033203,15.693209648132324,18.2105655670166,,
2008-10-31,18.44805908203125,15.2166166305542,29.876934051513672,9.191522598266602,19.807235717773438,18.0267333984375,17.884899139404297,13.163325309753418,15.843133926391602,,
2008-11-30,16.449111938476562,15.185064315795898,29.225921630859375,7.492899417877197,18.55625343322754,16.544782638549805,15.973592758178711,12.056499481201172,16.506235122680664,,
2008-12-31,17.447711944580078,15.187494277954102,27.91098976135254,7.520669460296631,19.890457153320312,16.929637908935547,15.88161849975586,12.248177528381348,16.10991859436035,,
2009-01-31,15.595355987548828,14.09312915802002,27.414344787597656,5.550398826599121,19.650728225708008,14.898368835449219,14.7083101272583,11.667959213256836,16.082172393798828,,
2009-02-28,14.179808616638184,12.954222679138184,24.031370162963867,4.565262317657471,17.215927124023438,12.361096382141113,13.528013229370117,11.222859382629395,14.067737579345703,,
2009-03-31,15.980294227600098,13.504570960998535,24.935970306396484,5.3451828956604,18.24987030029297,13.451006889343262,15.60584831237793,12.477679252624512,14.335354804992676,,
2009-04-30,18.940513610839844,14.080594062805176,26.88575553894043,6.5100812911987305,18.22726058959961,15.881378173828125,18.037023544311523,13.779769897460938,14.503678321838379,,
2009-05-31,18.80226707458496,14.797429084777832,30.350698471069336,7.420160293579102,19.47106170654297,16.414173126220703,19.090993881225586,14.099294662475586,15.01986026763916,,
2009-06-30,18.849916458129883,14.826850891113281,28.363075256347656,7.287662982940674,19.93255615234375,16.134424209594727,18.224796295166016,14.612469673156738,15.826674461364746,,
2009-07-31,20.63852882385254,15.813593864440918,29.880098342895508,7.9340996742248535,21.114404678344727,17.545095443725586,20.57000732421875,15.808109283447266,16.422515869140625,,
2009-08-31,21.36541748046875,16.00707244873047,30.204763412475586,8.964743614196777,21.682619094848633,18.382673263549805,21.057411193847656,16.064884185791016,16.587080001831055,,
2009-09-30,22.50820541381836,16.53705596923828,31.96942710876465,9.139344215393066,21.815996170043945,19.455080032348633,21.946393966674805,16.8090763092041,16.81565284729004,,
2009-10-31,21.97561264038086,16.777379989624023,32.75798797607422,8.594898223876953,21.35943603515625,18.679540634155273,20.81147575378418,16.599668502807617,16.276723861694336,,
2009-11-30,23.450490951538086,17.39443016052246,33.6888542175293,8.968059539794922,23.345474243164062,20.31926155090332,23.052928924560547,17.517839431762695,17.062183380126953,,
2009-12-31,24.52608299255371,17.35591697692871,33.98549270629883,8.841705322265625,23.772830963134766,20.65943717956543,23.52988052368164,18.53455352783203,17.995710372924805,,
2010-01-31,23.817577362060547,17.17888641357422,32.48918151855469,8.706624984741211,23.933513641357422,20.354637145996094,21.497133255004883,16.942180633544922,17.131315231323242,,
2010-02-28,25.14397430419922,17.72309684753418,33.46684265136719,9.013626098632812,24.025325775146484,21.440011978149414,22.467144012451172,17.53224754333496,16.90506362915039,,
2010-03-31,27.106924057006836,18.39080047607422,34.409568786621094,9.815746307373047,24.66617774963379,23.303791046142578,24.245676040649414,18.73141098022461,17.35989761352539,,
2010-04-30,28.741268157958984,18.193262100219727,35.839290618896484,9.944976806640625,23.7065486907959,24.295907974243164,24.295724868774414,18.96656608581543,17.816436767578125,,
2010-05-31,26.71897315979004,17.35043716430664,31.73553466796875,9.034173011779785,22.163475036621094,22.080411911010742,21.979801177978516,17.547521591186523,16.8331356048584,,
2010-06-30,24.122108459472656,16.911222457885742,29.855037689208984,8.51663589477539,21.7591495513916,20.562335968017578,20.36822509765625,16.60054588317871,16.714950561523438,,
2010-07-31,26.034982681274414,17.892730712890625,32.354984283447266,9.071662902832031,22.04464340209961,22.706270217895508,22.981542587280273,17.837453842163086,17.962963104248047,,
2010-08-31,24.999876022338867,17.561134338378906,30.76847267150879,8.362458229064941,21.68198585510254,21.132055282592773,22.285139083862305,16.8365421295166,18.22321128845215,,
2010-09-30,27.755237579345703,18.62146759033203,33.84397888183594,8.869537353515625,23.6471004486084,23.567893981933594,24.013341903686523,18.800291061401367,18.750734329223633,,
2010-10-31,29.292125701904297,19.21590805053711,35.76374816894531,8.999334335327148,24.17448616027832,24.246007919311523,25.493104934692383,19.886489868164062,18.953899383544922,,
2010-11-30,30.031490325927734,18.91535186767578,37.85861587524414,8.937527656555176,23.476478576660156,24.569995880126953,25.778812408447266,19.559816360473633,18.38026237487793,,
2010-12-31,31.261526107788086,19.747539520263672,41.38646697998047,9.894225120544434,24.55714988708496,26.407024383544922,28.366418838500977,20.6464900970459,18.951032638549805,,
2011-01-31,31.069326400756836,19.457839965820312,44.3577995300293,10.173367500305176,24.697481155395508,27.444520950317383,28.388586044311523,21.302188873291016,19.180816650390625,,
2011-02-28,32.93281936645508,20.023778915405273,47.62626647949219,10.452512741088867,25.469274520874023,28.027650833129883,29.14187240600586,21.769384384155273,19.416643142700195,,
2011-03-31,32.74134826660156,20.27326011657715,48.5228157043457,10.193775177001953,25.929901123046875,28.652772903442383,29.653045654296875,21.431753158569336,19.461557388305664,,
2011-04-30,33.99899673461914,21.357391357421875,48.966976165771484,10.187557220458984,27.59800148010254,29.43621063232422,30.282873153686523,21.99098014831543,20.24930191040039,,
2011-05-31,33.906776428222656,21.892683029174805,46.91654586791992,9.851700782775879,28.279338836669922,28.62234115600586,29.452991485595703,21.760704040527344,20.682859420776367,,
2011-06-30,33.832969665527344,21.309288024902344,46.01474380493164,9.581236839294434,27.961469650268555,28.466144561767578,29.33462905883789,21.220321655273438,20.653114318847656,,
2011-07-31,33.36178207397461,21.036357879638672,46.68648910522461,9.237931251525879,26.851816177368164,26.509288787841797,28.321279525756836,21.311153411865234,20.46187973022461,,
2011-08-31,31.611665725708008,21.077301025390625,41.91708755493164,8.351591110229492,26.285186767578125,24.766456604003906,26.331872940063477,20.17994499206543,20.906034469604492,,
2011-09-30,29.431961059570312,20.38267707824707,35.871185302734375,7.40025520324707,25.105518341064453,22.460693359375,21.992528915405273,19.560508728027344,20.951208114624023,,
2011-10-31,32.94420623779297,21.331022262573242,42.737667083740234,8.459227561950684,26.55345916748047,25.68912696838379,25.805255889892578,21.558000564575195,21.717721939086914,,
2011-11-30,32.707828521728516,21.922025680541992,43.4488410949707,8.02686595916748,26.806644439697266,26.050403594970703,25.857690811157227,21.234750747680664,21.942060470581055,,
2011-12-31,33.13543701171875,22.529327392578125,42.56146240234375,8.198098182678223,27.601465225219727,26.116640090942383,25.26830291748047,21.186155319213867,22.67304039001465,,
2012-01-31,35.08857727050781,22.21035385131836,43.521907806396484,8.866559028625488,28.48464584350586,28.027990341186523,28.044048309326172,22.501441955566406,21.853837966918945,,
2012-02-29,36.67656326293945,23.042461395263672,46.10158920288086,9.30799388885498,28.786996841430664,28.809551239013672,27.885652542114258,24.09976577758789,21.986164093017578,,
2012-03-31,38.40791702270508,23.756980895996094,44.345157623291016,9.995655059814453,30.07582664489746,29.091594696044922,27.991830825805664,25.18767738342285,22.284955978393555,,
2012-04-30,38.85087203979492,23.82669448852539,44.02995681762695,9.761581420898438,29.995845794677734,28.7728271484375,27.764694213867188,24.903724670410156,22.679264068603516,,
2012-05-31,36.71284866333008,23.547853469848633,39.326595306396484,8.863237380981445,28.90829849243164,26.953636169433594,25.606807708740234,23.325321197509766,22.806468963623047,,
2012-06-30,37.42388916015625,24.404876708984375,41.218170166015625,9.306331634521484,30.55951499938965,27.8623104095459,26.864635467529297,24.086605072021484,23.74406623840332,,
2012-07-31,37.2187385559082,25.00851058959961,43.25518035888672,9.319047927856445,30.865034103393555,27.971670150756836,26.522071838378906,24.530935287475586,24.34103012084961,,
2012-08-31,38.936912536621094,24.889188766479492,44.422725677490234,9.636886596679688,31.226825714111328,28.401281356811523,27.138683319091797,25.562145233154297,23.333253860473633,,
2012-09-30,40.136474609375,25.32640838623047,45.8068733215332,9.951403617858887,32.41624450683594,28.71875762939453,28.160856246948242,25.95396614074707,23.606081008911133,,
2012-10-31,39.51887512207031,25.015390396118164,44.87738037109375,10.149283409118652,32.34352111816406,28.687301635742188,27.571624755859375,24.303958892822266,23.936912536621094,,
2012-11-30,40.77125930786133,25.474842071533203,44.32841491699219,10.059922218322754,32.51320266723633,29.190448760986328,28.084325790405273,24.522836685180664,22.911970138549805,,
2012-12-31,40.955081939697266,24.945825576782227,44.78001022338867,10.527623176574707,32.39634704589844,30.014373779296875,28.981082916259766,24.42683982849121,22.90816307067871,,
2013-01-31,43.27737808227539,26.35394287109375,48.49810028076172,11.163520812988281,34.857757568359375,31.74080467224121,30.123655319213867,24.892515182495117,23.99715805053711,,
2013-02-28,43.968021392822266,27.22596549987793,48.71127700805664,11.298409461975098,35.29642868041992,32.445640563964844,29.71449089050293,25.08725357055664,24.554771423339844,,
2013-03-31,45.89197540283203,28.567245483398438,49.949851989746094,11.736083984375,37.48883056640625,33.214778900146484,30.37175750732422,25.733924865722656,25.873098373413086,,
2013-04-30,47.286067962646484,29.407669067382812,49.29486846923828,12.05188274383545,38.614723205566406,32.96821212768555,30.6585750579834,26.184511184692383,27.414894104003906,,
2013-05-31,48.593563079833984,28.76837921142578,50.69932556152344,12.786596298217773,39.2510986328125,34.62258529663086,31.239959716796875,26.915634155273438,24.933456420898438,,
2013-06-30,48.99246597290039,28.681415557861328,49.55010986328125,12.585773468017578,39.019012451171875,34.08797836303711,29.955949783325195,26.137300491333008,25.156494140625,,
2013-07-31,51.572383880615234,29.924968719482422,52.1573371887207,13.258739471435547,41.81370544433594,36.10257339477539,31.619747161865234,27.11135482788086,26.246192932128906,,
2013-08-31,50.104366302490234,28.56572723388672,51.61942672729492,12.579302787780762,40.338497161865234,35.20719909667969,31.580686569213867,26.829389572143555,24.935884475708008,,
2013-09-30,52.821468353271484,28.957380294799805,52.710777282714844,12.934237480163574,41.63230895996094,37.27277374267578,32.9792366027832,27.50874900817871,25.221988677978516,,
2013-10-31,55.24343490600586,30.81269645690918,54.92323303222656,13.362998008728027,43.42631530761719,39.047664642333984,34.36088180541992,28.891048431396484,26.173633575439453,,
2013-11-30,57.15137481689453,31.29289436340332,54.95500564575195,13.9541654586792,45.47543716430664,40.47722625732422,34.808349609375,29.783966064453125,25.667436599731445,,
2013-12-31,58.456268310546875,31.50877571105957,56.533164978027344,14.267810821533203,45.811431884765625,42.18479919433594,36.51267623901367,30.836742401123047,25.901275634765625,,
2014-01-31,54.94872283935547,29.881288528442383,53.256507873535156,13.745655059814453,46.24113082885742,40.38471984863281,34.79052734375,30.04295539855957,26.6721134185791,,
2014-02-28,58.46501541137695,31.04692840576172,55.98386001586914,14.163379669189453,49.116737365722656,42.02336502075195,37.19204330444336,31.363048553466797,27.593015670776367,,
2014-03-31,56.78879928588867,31.727766036987305,57.16419219970703,14.635136604309082,48.498939514160156,42.425331115722656,37.49921798706055,31.497987747192383,28.517648696899414,,
2014-04-30,56.01663589477539,32.59722900390625,60.16810607910156,14.386190414428711,48.192142486572266,42.99283218383789,37.80854797363281,31.58463478088379,29.72134780883789,,
2014-05-31,57.63113021850586,33.186702728271484,61.17581558227539,14.60237979888916,49.57688522338867,43.819786071777344,38.92686080932617,32.771766662597656,29.398073196411133,,
2014-06-30,58.748416900634766,33.10264587402344,64.54866027832031,14.956135749816895,50.6286735534668,44.02788543701172,39.55535125732422,33.38423156738281,30.703908920288086,,
2014-07-31,58.000213623046875,32.004661560058594,62.31107711791992,14.739091873168945,50.695255279541016,42.21170425415039,38.76648712158203,33.9500617980957,28.615821838378906,,
2014-08-31,60.57933807373047,33.48100662231445,63.671695709228516,15.363912582397461,53.15053176879883,43.995296478271484,40.264530181884766,35.06432342529297,30.024066925048828,,
2014-09-30,58.90077209472656,33.678138732910156,58.73625564575195,15.301932334899902,53.381744384765625,43.49093246459961,39.69876480102539,34.883026123046875,29.46171760559082,,
2014-10-31,60.146080017089844,34.872657775878906,56.66216278076172,15.74440860748291,56.18822479248047,45.17655563354492,38.746116638183594,35.442562103271484,31.827611923217773,,
2014-11-30,63.422752380371094,36.80629348754883,51.736122131347656,16.114248275756836,58.142738342285156,46.56761169433594,39.35453796386719,37.147369384765625,32.19859313964844,,
2014-12-31,63.98722457885742,36.46189880371094,51.627071380615234,16.415624618530273,57.3267822265625,46.55756759643555,39.135379791259766,36.338748931884766,33.3471794128418,,
2015-01-31,62.07158279418945,36.108482360839844,49.272674560546875,15.273895263671875,58.072914123535156,44.903621673583984,38.41841506958008,35.064483642578125,34.124000549316406,,
2015-02-28,67.37505340576172,37.604854583740234,51.5357551574707,16.16338348388672,60.56283187866211,47.3063850402832,41.47963333129883,37.867881774902344,31.941823959350586,,
2015-03-31,67.04962921142578,36.87433624267578,50.94041061401367,16.063804626464844,60.950801849365234,46.1019287109375,39.44511413574219,36.56689453125,31.623916625976562,,
2015-04-30,67.0140151977539,36.59441375732422,54.289154052734375,16.077133178710938,60.28666687011719,45.986202239990234,40.77126693725586,37.572853088378906,31.474435806274414,,
2015-05-31,67.8949966430664,36.91215896606445,51.47224807739258,16.39028549194336,63.00212478637695,46.13499069213867,40.92490005493164,38.26995849609375,31.67374038696289,,
2015-06-30,68.27143096923828,36.23506164550781,49.679222106933594,16.314720153808594,62.75518798828125,44.91025161743164,39.308555603027344,36.69596481323242,29.778362274169922,,
2015-07-31,71.61001586914062,38.298011779785156,45.858760833740234,16.870147705078125,64.61109161376953,45.04316329956055,37.326480865478516,37.74189758300781,31.59551239013672,,
2015-08-31,66.93241882324219,36.0142936706543,43.908878326416016,15.678999900817871,59.465145111083984,42.60907745361328,35.2225456237793,35.658905029296875,30.496612548828125,,
2015-09-30,66.53953552246094,36.15469741821289,40.75033950805664,15.237878799438477,56.07394790649414,41.669960021972656,32.60853958129883,35.169715881347656,31.38633155822754,,
2015-10-31,72.55194091796875,38.21564483642578,45.298133850097656,16.19277000427246,60.40032958984375,45.32828140258789,36.98684310913086,38.86476516723633,31.719844818115234,21.941726684570312,
2015-11-30,72.38166809082031,37.86321258544922,45.29147720336914,16.51555061340332,60.205604553222656,45.72085189819336,37.35443115234375,39.14078903198242,31.045578002929688,21.799936294555664,
2015-12-31,70.32378387451172,38.96793746948242,40.5281867980957,16.12505531311035,61.24287033081055,44.544700622558594,35.73320770263672,38.326202392578125,31.703475952148438,22.3520565032959,
2016-01-31,66.67982482910156,39.17631912231445,39.11051559448242,14.697284698486328,56.515533447265625,42.006980895996094,31.906408309936523,36.90340042114258,33.27107620239258,20.922801971435547,
2016-02-29,66.97674560546875,39.29981231689453,38.01533126831055,14.27098274230957,56.311485290527344,43.79683303833008,34.40000534057617,36.661781311035156,33.91569900512695,21.023147583007812,
2016-03-31,71.46246337890625,41.16196823120117,41.87994384765625,15.292662620544434,57.836090087890625,46.85101318359375,37.0051383972168,39.8959846496582,36.6209602355957,23.272016525268555,
2016-04-30,71.55280303955078,40.57238006591797,45.67612075805664,15.843194961547852,59.55121612548828,47.433807373046875,38.89625930786133,37.890403747558594,35.73532485961914,22.707582473754883,
2016-05-31,71.58893585205078,40.85165786743164,45.24982452392578,16.142253875732422,60.88235092163086,47.23109436035156,38.764129638671875,39.74308395385742,36.27410125732422,23.09834861755371,
2016-06-30,70.77317810058594,43.04071044921875,46.480934143066406,15.620427131652832,61.435874938964844,47.56793212890625,38.46001052856445,39.195518493652344,39.041107177734375,24.507490158081055,
2016-07-31,74.00084686279297,42.689510345458984,45.895164489746094,16.160240173339844,64.42581939697266,49.29196548461914,40.410400390625,41.97905731201172,38.780670166015625,25.301292419433594,
2016-08-31,73.03978729248047,42.43977355957031,46.66486358642578,16.78204917907715,62.33542251586914,49.75907516479492,40.3025016784668,42.467079162597656,36.63032531738281,24.354267120361328,
2016-09-30,72.84501647949219,41.78385925292969,48.38594055175781,16.31184959411621,62.01774215698242,49.8516960144043,39.83452224731445,43.359649658203125,36.762596130371094,24.0355281829834,
2016-10-31,71.07943725585938,41.4619026184082,47.02229309082031,16.683719635009766,57.93254470825195,48.85260772705078,39.00029373168945,43.032958984375,37.092769622802734,22.700626373291016,
2016-11-30,74.49231719970703,39.7186164855957,51.00362777709961,19.024850845336914,59.12800216674805,53.29298400878906,41.66147994995117,43.105552673339844,35.08167266845703,22.011165618896484,
2016-12-31,74.52140808105469,40.9088020324707,51.88637924194336,19.739513397216797,59.551517486572266,53.45610427856445,41.735069274902344,44.07966995239258,36.80025100708008,22.967912673950195,
2017-01-31,77.66155242919922,41.6049919128418,50.21928787231445,19.79046058654785,60.91633605957031,54.45269775390625,43.63289260864258,45.64744186401367,37.2624397277832,22.93802833557129,
2017-02-28,79.07141876220703,43.59071350097656,49.17218017578125,20.834747314453125,64.77759552001953,56.58338928222656,43.87641143798828,47.716514587402344,39.22481918334961,24.006132125854492,
2017-03-31,80.75875854492188,43.40646743774414,48.44148254394531,20.21884536743164,64.46627044677734,56.15019989013672,44.149269104003906,48.77870559692383,39.17173767089844,23.75334930419922,
2017-04-30,82.69625091552734,43.883636474609375,47.013885498046875,20.04844093322754,65.45459747314453,57.254920959472656,44.70525360107422,49.75775909423828,39.46947479248047,23.790929794311523,
2017-05-31,83.60528564453125,45.04473876953125,45.35065460205078,19.80986785888672,65.95742797851562,58.2733268737793,44.71366882324219,51.72500991821289,41.10321044921875,23.948787689208984,
2017-06-30,82.55237579345703,44.02967071533203,45.300018310546875,21.100147247314453,68.96977996826172,59.06073760986328,45.54097366333008,50.270599365234375,39.98980712890625,24.407196044921875,
2017-07-31,84.14576721191406,44.33420181274414,46.48624038696289,21.45937156677246,69.5355453491211,59.23414993286133,46.24342346191406,52.51218032836914,40.95953369140625,24.70280647277832,
2017-08-31,82.58001708984375,43.8453483581543,43.93933868408203,21.125812530517578,70.75408172607422,59.36421585083008,46.60734558105469,54.04639434814453,42.30636215209961,24.95294189453125,
2017-09-30,83.26039123535156,43.53185272216797,48.41338348388672,22.2101993560791,71.39892578125,61.84829330444336,48.330421447753906,54.4884033203125,41.140098571777344,24.612634658813477,
2017-10-31,85.0257797241211,42.81410598754883,48.01040267944336,22.84575653076172,70.85728454589844,62.310001373291016,50.2023811340332,58.03799819946289,42.745361328125,24.811115264892578,
2017-11-30,89.33299255371094,45.20118713378906,48.85171127319336,23.635910034179688,72.9189682006836,64.90586853027344,50.678863525390625,58.85853576660156,43.893123626708984,25.53636360168457,
2017-12-31,91.52900695800781,46.21957778930664,51.4259033203125,24.082195281982422,72.51756286621094,66.27445220947266,51.75679016113281,59.179805755615234,41.233978271484375,25.424448013305664,
2018-01-31,99.98727416992188,46.975135803222656,53.26914978027344,25.66121482849121,77.27140045166016,69.8303451538086,53.8260383605957,63.34410858154297,39.95030975341797,24.938186645507812,
2018-02-28,96.51862335205078,43.392295837402344,47.497432708740234,24.910531997680664,73.79812622070312,67.13275909423828,50.98722457885742,63.08501434326172,38.400516510009766,23.240137100219727,
2018-03-31,94.21693420410156,42.9987678527832,48.31583786010742,23.87541389465332,71.64573669433594,65.32804870605469,48.87312698364258,60.72953414916992,39.85839080810547,24.12999725341797,
2018-04-30,96.45867156982422,41.21771240234375,52.90298843383789,23.77149200439453,72.40267944335938,63.50775909423828,48.93321990966797,60.76668167114258,40.670867919921875,23.98247718811035,
2018-05-31,98.3747787475586,40.572265625,54.48701477050781,23.537681579589844,72.53471374511719,65.4599380493164,49.93745040893555,64.88835906982422,40.221248626708984,24.518186569213867,
2018-06-30,101.9346694946289,42.42604064941406,54.797332763671875,23.126489639282227,73.73104858398438,63.241512298583984,50.07506561279297,64.71759796142578,41.353004455566406,25.612085342407227,46.2213020324707
2018-07-31,103.77191925048828,44.105628967285156,55.64881896972656,24.309345245361328,78.56339263916016,67.91201782226562,51.50651931762695,66.06836700439453,42.01356506347656,25.8783016204834,45.22279357910156
2018-08-31,109.06916046142578,44.278526306152344,53.71495819091797,24.639846801757812,81.96459197998047,68.07091522216797,51.10986328125,70.42823791503906,42.55475997924805,26.50470733642578,45.894691467285156
2018-09-30,109.647705078125,44.71565246582031,55.0288200378418,24.09395408630371,84.38601684570312,69.55310821533203,50.19221878051758,70.41465759277344,42.27886199951172,25.803373336791992,45.850486755371094
2018-10-31,98.57254028320312,45.611114501953125,48.79502868652344,22.95827293395996,78.6656723022461,61.99452590942383,45.58280944824219,64.77813720703125,43.1140022277832,25.39190673828125,43.08073806762695
2018-11-30,101.01393127441406,46.647544860839844,48.03213882446289,23.561058044433594,85.02456665039062,64.3543472290039,47.315673828125,63.50688171386719,44.639732360839844,26.7845516204834,42.11692810058594
2018-12-31,92.97704315185547,42.489131927490234,42.057342529296875,20.938962936401367,77.0716552734375,57.49482345581055,44.05670166015625,58.18722152709961,42.85660934448242,24.817401885986328,38.75245666503906
2019-01-31,102.1517105102539,44.673004150390625,46.77273941040039,22.80254364013672,80.7778091430664,64.06462860107422,46.52465057373047,62.224098205566406,44.34672546386719,27.483266830444336,43.30549621582031
2019-02-28,103.49456787109375,45.467891693115234,47.850765228271484,23.312400817871094,81.65088653564453,68.14398193359375,48.00715637207031,66.52383422851562,46.168853759765625,27.787487030029297,43.10835266113281
2019-03-31,107.27758026123047,47.20612335205078,48.86906814575195,22.715736389160156,82.04435729980469,67.36066436767578,48.60865020751953,69.69612884521484,47.457645416259766,29.162460327148438,43.98374557495117
2019-04-30,113.13854217529297,48.55223083496094,48.86168670654297,24.75670623779297,79.81779479980469,70.03607940673828,50.3165283203125,74.13219451904297,47.898193359375,29.009483337402344,47.087162017822266
2019-05-31,104.53559875488281,46.785457611083984,43.43671417236328,22.98080062866211,78.04722595214844,64.68526458740234,46.200111389160156,67.70884704589844,47.52289962768555,29.363754272460938,44.28468704223633
2019-06-30,112.70600891113281,49.227455139160156,47.517662048339844,24.509870529174805,83.19368743896484,69.80864715576172,51.542564392089844,73.76084899902344,49.0371208190918,29.84013557434082,46.39883041381836
2019-07-31,114.1432113647461,50.38036346435547,46.76434326171875,25.087095260620117,81.84663391113281,70.1693344116211,51.40159606933594,76.34117126464844,48.97132873535156,30.359514236450195,47.86941909790039
2019-08-31,113.06529235839844,51.473934173583984,42.871055603027344,23.906005859375,81.36167907714844,68.31184387207031,49.94782257080078,75.16915893554688,51.46306610107422,31.820270538330078,46.69105529785156
2019-09-30,114.50286865234375,52.37537384033203,44.5577278137207,24.991853713989258,81.2757797241211,70.36896514892578,51.53606033325195,76.35147094726562,53.65110778808594,32.13949203491211,46.79051971435547
2019-10-31,114.64517974853516,52.15366744995117,43.62442398071289,25.61664581298828,85.44192504882812,71.16667938232422,51.52720260620117,79.32852935791016,53.24504470825195,32.1313362121582,47.82988357543945
2019-11-30,116.16301727294922,52.869972229003906,44.32439422607422,26.91086769104004,89.71627807617188,74.36649322509766,53.165382385253906,83.58556365966797,52.250579833984375,31.57579231262207,49.66295623779297
2019-12-31,119.37281799316406,54.14557647705078,46.9954833984375,27.61305046081543,92.83417510986328,74.21692657470703,54.68717575073242,87.19697570800781,53.96989822387695,31.93596839904785,50.78425979614258
2020-01-31,119.27762603759766,54.31752014160156,41.829429626464844,26.87741470336914,90.3552017211914,73.88896942138672,51.312644958496094,90.67839050292969,57.611328125,32.3984489440918,51.04939270019531
2020-02-29,110.24520111083984,49.85554504394531,35.434471130371094,23.854154586791992,84.40379333496094,66.57386779785156,46.940879821777344,84.05799865722656,51.932029724121094,30.383358001708984,48.06654357910156
2020-03-31,93.80397033691406,47.09750747680664,23.255308151245117,18.836214065551758,81.12273406982422,54.17385482788086,40.37070083618164,76.84754943847656,46.74110412597656,25.793468475341797,42.01054382324219
2020-04-30,111.51655578613281,50.37451934814453,30.40955924987793,20.618505477905273,91.33403778076172,58.947689056396484,46.501583099365234,87.40371704101562,48.30168151855469,28.223045349121094,47.74616622924805
2020-05-31,118.77565002441406,51.213233947753906,31.017749786376953,21.179424285888672,94.33792114257812,62.124122619628906,49.701499938964844,93.67619323730469,50.35150909423828,28.830446243286133,51.297691345214844
2020-06-30,122.42665100097656,51.098201751708984,30.677936553955078,21.068702697753906,92.03366088867188,63.34971237182617,50.78570556640625,100.1857681274414,47.99894714355469,29.186494827270508,51.42036437988281
2020-07-31,131.3323516845703,54.63603591918945,29.20279884338379,21.879030227661133,97.05517578125,66.14375305175781,54.39974594116211,105.88108825683594,51.7415657043457,30.40224266052246,55.31210708618164
2020-08-31,143.8808135986328,57.14564514160156,28.89480972290039,22.81683349609375,99.56594848632812,71.75022888183594,56.77004623413086,118.46065521240234,50.397621154785156,30.393863677978516,60.193416595458984
2020-09-30,141.1997528076172,56.18858337402344,24.67424964904785,22.035991668701172,97.39493560791016,71.26077270507812,57.62592315673828,112.1406478881836,50.94258117675781,29.75018882751465,56.64011001586914
2020-10-31,137.347412109375,54.57566452026367,23.660913467407227,21.843734741210938,93.86775970458984,70.23324584960938,57.20940399169922,106.52882385253906,53.51631546020508,28.805461883544922,56.44940185546875
2020-11-30,151.07545471191406,58.65176010131836,30.28465461730957,25.52402687072754,101.32842254638672,81.48981475830078,64.28134155273438,118.65576934814453,53.910953521728516,30.787681579589844,62.36132049560547
2020-12-31,154.74334716796875,59.6201171875,31.64143943786621,27.13358497619629,105.17668151855469,82.31028747558594,65.87654113769531,125.2312240600586,54.24542999267578,31.237768173217773,64.44744873046875
2021-01-31,155.92713928222656,56.65015411376953,32.82694625854492,26.645771026611328,106.65086364746094,78.796630859375,64.28401184082031,124.18138122558594,53.76959228515625,31.408658981323242,63.87440490722656
2021-02-28,155.0994415283203,55.95186996459961,40.198822021484375,29.73834228515625,104.40715789794922,84.2251205444336,66.93218231201172,125.87655639648438,50.490638732910156,31.904211044311523,68.35364532470703
2021-03-31,162.0166015625,60.70677185058594,41.393131256103516,31.478748321533203,108.61195373535156,91.79432678222656,72.01261138916016,128.1884765625,55.81843948364258,34.078128814697266,70.14869689941406
2021-04-30,172.47581481933594,61.83542251586914,41.67155838012695,33.52185821533203,112.88240051269531,95.0390625,75.88742065429688,134.83871459960938,58.154380798339844,36.90863037109375,74.67413330078125
2021-05-31,166.6147918701172,62.92851257324219,44.05086135864258,35.121238708496094,114.99433898925781,98.0134048461914,79.74392700195312,133.583984375,56.79465866088867,37.33146667480469,75.38212585449219
2021-06-30,172.37445068359375,62.58591079711914,45.91594696044922,34.05375671386719,117.63800048828125,95.77921295166016,75.5468521118164,142.7830047607422,55.54046630859375,38.50238037109375,77.60708618164062
2021-07-31,174.1894073486328,63.96339797973633,42.097434997558594,33.89596176147461,123.4288101196289,96.6771469116211,77.1163330078125,148.33343505859375,57.947242736816406,40.28288650512695,78.97769165039062
2021-08-31,177.2980499267578,64.63423919677734,41.25361251831055,35.64088439941406,126.28689575195312,97.75279235839844,78.57569122314453,153.61306762695312,60.204708099365234,41.41197204589844,82.06395721435547
2021-09-30,173.50245666503906,61.95891189575195,44.93817138671875,34.98420333862305,119.31787872314453,91.80962371826172,72.92719268798828,144.6422119140625,56.53629684448242,38.8228759765625,76.9141845703125
2021-10-31,194.4832763671875,64.1280288696289,49.57951736450195,37.529014587402344,125.42903900146484,98.04972839355469,78.46749114990234,156.4696502685547,59.21796798706055,41.76625442504883,77.09658813476562
2021-11-30,197.66424560546875,63.26398849487305,47.094932556152344,35.38503646850586,121.59548950195312,94.55899810791016,78.03421783447266,163.4344024658203,58.20901107788086,41.390689849853516,72.36326599121094
2021-12-31,197.96022033691406,69.87803649902344,48.49995422363281,36.575496673583984,132.56321716308594,99.6629409790039,83.95173645019531,168.74168395996094,63.84904098510742,45.6386833190918,74.73453521728516
2022-01-31,179.08795166015625,68.84496307373047,57.605716705322266,36.58485794067383,123.47412109375,94.88748931884766,78.2443618774414,157.1927032470703,61.770694732666016,41.70112609863281,71.14595031738281
2022-02-28,171.8063201904297,67.87532043457031,61.67796325683594,36.07907485961914,122.27919006347656,94.08686065673828,77.25300598144531,149.52566528320312,60.59326171875,39.701507568359375,65.85450744628906
2022-03-31,179.41160583496094,69.08441162109375,67.43782043457031,36.032188415527344,129.2957763671875,97.32005310058594,81.98004150390625,154.52734375,66.8617935180664,42.80820846557617,66.34020233154297
2022-04-30,157.95980834960938,70.67748260498047,66.29974365234375,32.44965744018555,122.97209167480469,89.91094970703125,79.07841491699219,137.50241088867188,63.98833465576172,41.2844123840332,56.96500015258789
2022-05-31,149.87173461914062,67.79173278808594,76.93061828613281,33.35234069824219,124.80313873291016,89.4951171875,80.00843048095703,136.55926513671875,66.74505615234375,39.17588806152344,58.04526138305664
2022-06-30,133.63536071777344,66.20050048828125,63.795902252197266,29.729984283447266,121.5482177734375,82.90201568603516,68.92221069335938,123.91975402832031,63.477577209472656,36.4904899597168,52.47160720825195
2022-07-31,158.27642822265625,68.31914520263672,69.96048736572266,31.86638641357422,125.49111938476562,90.7802963256836,73.16429901123047,140.5892333984375,66.93521118164062,39.59833908081055,54.502017974853516
2022-08-31,151.1611785888672,67.05348205566406,71.81612396240234,31.242477416992188,118.24980163574219,88.20799255371094,70.6171875,131.8548126220703,67.28822326660156,37.37461471557617,52.57796096801758
2022-09-30,138.75631713867188,61.60011672973633,64.95140838623047,28.850568771362305,115.2478256225586,79.007080078125,64.0477066040039,116.0755844116211,59.69744873046875,32.451881408691406,46.400909423828125
2022-10-31,140.2953643798828,67.14810943603516,81.1667251586914,32.29058837890625,126.32438659667969,89.9845199584961,69.76407623291016,124.95863342285156,60.85476303100586,33.100746154785156,46.710968017578125
2022-11-30,142.37985229492188,71.25601196289062,82.20384216308594,34.5047492980957,132.29090881347656,97.01353454589844,77.92896270751953,132.8644561767578,65.0921630859375,35.36273193359375,49.90835189819336
2022-12-31,126.15571594238281,69.31244659423828,79.6974868774414,32.70344543457031,129.80686950683594,94.11298370361328,73.62823486328125,121.95590209960938,64.77035522460938,33.65885925292969,46.612281799316406
2023-01-31,145.24124145507812,68.55936431884766,81.93890380859375,34.96017074584961,127.42762756347656,97.60113525390625,80.23468017578125,133.24595642089844,63.474937438964844,36.99467468261719,53.49873733520508
2023-02-28,142.1547088623047,66.969482421875,76.25338745117188,34.15692901611328,121.51298522949219,96.75784301757812,77.56178283691406,133.7947540283203,59.717350006103516,34.82548904418945,51.96409225463867
2023-03-31,146.50738525390625,69.79512786865234,76.25745391845703,30.895734786987305,124.18363189697266,97.35690307617188,76.78535461425781,148.3222198486328,62.647098541259766,34.311439514160156,56.45972442626953
2023-04-30,144.86143493652344,72.34554290771484,78.37494659423828,31.87594223022461,128.08770751953125,96.22147369384766,76.68061828613281,148.14541625976562,63.84099197387695,34.65106964111328,58.339447021484375
2023-05-31,148.535400390625,67.88933563232422,70.5125961303711,30.520946502685547,122.62004089355469,93.19049072265625,71.41626739501953,161.35601806640625,60.09272384643555,33.081443786621094,60.61848068237305
2023-06-30,166.70094299316406,69.78221893310547,75.38739013671875,32.54022979736328,127.84443664550781,103.6778335571289,79.27609252929688,171.12318420410156,61.051876068115234,34.92869567871094,63.487422943115234
2023-07-31,170.55902099609375,71.26876068115234,81.24787139892578,34.104007720947266,129.212158203125,106.67263793945312,82.00250244140625,175.54251098632812,62.57257080078125,35.39206314086914,67.10663604736328
2023-08-31,167.58450317382812,68.45564270019531,82.58527374267578,33.186981201171875,128.30674743652344,104.55694580078125,79.29523468017578,172.8948516845703,58.7381706237793,34.30778121948242,66.07257080078125
2023-09-30,158.31370544433594,65.17805480957031,84.5700454711914,32.16209030151367,124.50994110107422,98.33838653564453,75.50569152832031,161.69415283203125,55.42390823364258,31.82564353942871,64.12500762939453
2023-10-31,149.58079528808594,64.27821350097656,79.7048568725586,31.3767032623291,120.44792175292969,95.40900421142578,73.11219024658203,161.77304077148438,56.138694763183594,30.919540405273438,63.29374313354492
2023-11-30,165.98452758789062,66.93040466308594,79.13414001464844,34.80914306640625,126.99547576904297,103.83828735351562,79.21609497070312,182.63461303710938,59.02603530883789,34.77748107910156,68.2324447631836
2023-12-31,176.16294860839844,68.74532318115234,79.1952133178711,36.63797378540039,132.48944091796875,111.1750259399414,82.79933166503906,190.2736053466797,60.12322998046875,37.819095611572266,71.23328399658203
2024-01-31,168.38975524902344,69.59473419189453,78.7890396118164,37.76829147338867,136.37535095214844,110.10218811035156,79.5760269165039,195.41400146484375,58.33842849731445,35.99705505371094,74.39006042480469
2024-02-29,181.68006896972656,71.05496978759766,81.3677978515625,39.307865142822266,140.68869018554688,118.01192474365234,84.75460052490234,204.60739135742188,58.955509185791016,36.922237396240234,77.80172729492188
2024-03-31,181.56239318847656,73.41442108154297,89.90032958984375,41.19685363769531,144.0338897705078,123.22909545898438,90.23682403564453,206.22262573242188,62.84067916870117,37.57282257080078,80.27322387695312
2024-04-30,173.39706420898438,72.58758544921875,89.05282592773438,39.475433349609375,136.81903076171875,118.88536071777344,86.09849548339844,194.34054565429688,63.884029388427734,34.398189544677734,76.53775787353516
2024-05-31,173.7426300048828,74.35660552978516,88.74811553955078,40.72737121582031,140.10470581054688,120.83221435546875,88.9156723022461,208.09400939941406,69.60813903808594,36.166099548339844,81.84603881835938
2024-06-30,180.47865295410156,74.1817855834961,87.4930648803711,40.368194580078125,142.66021728515625,119.63735961914062,86.19630432128906,224.39901733398438,65.75000762939453,36.87916946411133,84.42793273925781
2024-07-31,185.5150604248047,75.4120101928711,89.47041320800781,42.950740814208984,146.45799255371094,125.51762390136719,89.93463897705078,217.02915954589844,70.2369155883789,39.54837417602539,84.55606842041016
2024-08-31,185.1489715576172,79.92608642578125,87.61784362792969,44.91465377807617,153.86749267578125,129.0516815185547,92.02342224121094,218.54676818847656,73.61415100097656,41.8143196105957,86.06404876708984
2024-09-30,198.66845703125,80.82799530029297,84.97345733642578,44.66362762451172,151.31719970703125,133.39044189453125,94.49303436279297,224.33506774902344,78.47486877441406,43.19031524658203,89.37018585205078
2024-10-31,195.218017578125,78.02336120605469,85.7380142211914,45.80682373046875,144.29266357421875,131.80477905273438,91.56157684326172,220.83729553222656,77.62969970703125,41.76900863647461,90.99150085449219
2024-11-30,220.4122314453125,81.042236328125,92.45460510253906,50.596439361572266,144.8231964111328,141.81106567382812,92.92436218261719,232.25474548339844,80.56350708007812,43.50938034057617,97.279052734375
2024-12-31,222.86639404296875,77.13374328613281,83.59784698486328,47.833160400390625,135.76780700683594,130.41909790039062,82.92288970947266,231.43096923828125,74.13928985595703,39.74570083618164,95.95596313476562
2025-01-31,230.63467407226562,77.49679565429688,85.53018188476562,50.940879821777344,144.9459686279297,136.94204711914062,87.50563049316406,229.72898864746094,76.284423828125,40.47865295410156,101.4768295288086
2025-02-28,214.5318603515625,81.51980590820312,88.80928802490234,51.64358139038086,146.97898864746094,134.94259643554688,87.47606658935547,224.4737091064453,77.59697723388672,42.169342041015625,101.10018157958984
2025-03-31,196.6941375732422,80.56075286865234,91.9115982055664,49.47700500488281,144.6547393798828,130.13465881347656,85.14019775390625,205.87376403808594,77.78273010253906,41.16065979003906,95.88207244873047
2025-04-30,196.49490356445312,80.71858978271484,79.1747817993164,48.434024810791016,139.16616821289062,130.2835693359375,83.07061004638672,209.35353088378906,77.8320541381836,40.619720458984375,94.87802124023438
2025-05-31,212.97076416015625,81.70500183105469,80.18782806396484,50.61931610107422,131.40884399414062,141.80079650878906,85.49667358398438,230.23204040527344,80.8111801147461,41.042640686035156,100.80293273925781
2025-06-30,216.94735717773438,80.41816711425781,84.09239196777344,52.19816589355469,134.17637634277344,146.9130401611328,87.39525604248047,252.90496826171875,81.11400604248047,41.10625457763672,108.1528091430664
2025-07-31,221.04013061523438,79.23627471923828,86.47208404541016,52.19816589355469,129.8362274169922,151.38455200195312,87.31564331054688,262.40277099609375,85.09718322753906,41.09633255004883,107.03670501708984
2025-08-31,231.3319854736328,80.22945404052734,89.62517547607422,53.8128547668457,136.80435180664062,151.38455200195312,91.84414672851562,262.1131591796875,83.75621032714844,41.98951721191406,111.00286865234375
2025-09-30,239.63999938964844,78.37000274658203,89.33999633789062,53.869998931884766,139.1699981689453,154.22999572753906,89.62000274658203,281.8599853515625,87.20999908447266,42.130001068115234,118.37000274658203
